,MediaTek,First Financial,Gold (TWD)
MediaTek,0.20617067721530719,0.020081275170591273,0.00783365654318649
First Financial,0.020081275170591273,0.034362520554743384,0.010914576069348458
Gold (TWD),0.00783365654318649,0.010914576069348458,0.0774213617243457
