,MediaTek,First Financial,Gold (TWD)
MediaTek,0.2061706488136773,0.02008128326575921,0.00782819707322941
First Financial,0.02008128326575921,0.034362520554743384,0.010914295649728806
Gold (TWD),0.00782819707322941,0.010914295649728806,0.07742031223289729
