,MediaTek,First Financial,Gold (TWD)
MediaTek,0.14320002944080584,0.016602074815570852,0.0019303367285364579
First Financial,0.016602074815570852,0.023885023180834398,0.002265577400885956
Gold (TWD),0.0019303367285364579,0.002265577400885956,0.030656798200124985
