,MediaTek,First Financial,Gold (TWD)
MediaTek,1.0,0.23858082564426578,0.06196135011920513
First Financial,0.23858082564426578,1.0,0.21160491373486515
Gold (TWD),0.06196135011920513,0.21160491373486515,1.0
