,MediaTek,First Financial,Gold (TWD)
MediaTek,1.0,0.2838755439785195,0.02913386630302277
First Financial,0.2838755439785195,1.0,0.08372452124612217
Gold (TWD),0.02913386630302277,0.08372452124612217,1.0
