portfolio,annual_return,annual_volatility,sharpe,w_MediaTek,w_First Financial,w_Gold (TWD)
Maximum return,0.2617850157667875,0.37841779746836146,0.6917883289796237,1.0,0.0,0.0
Maximum Sharpe,0.18641129982819804,0.12510026312217365,1.4900951858602223,0.10333984563095877,0.3713883962917013,0.52527175807734
Minimum variance,0.1715359187021741,0.12000509253756224,1.4294053283487318,0.03219691718213288,0.5399796953247283,0.4278233874931388
